{
  "_note1": "KEEP THIS FILE! Check it into a version control system (VCS) like git.",
  "_note2": "ObjectBox manages crucial IDs for your object model. See docs for details.",
  "_note3": "If you have VCS merge conflicts, you must resolve them according to ObjectBox docs.",
  "entities": [
    {
      "id": "4:2117280210939776831",
      "lastPropertyId": "5:7400809014350005681",
      "name": "ConsumedSweetDb",
      "properties": [
        {
          "id": "1:3961561684724543021",
          "name": "id",
          "type": 6,
          "flags": 1
        },
        {
          "id": "2:5937141450121825685",
          "name": "sweetId",
          "indexId": "2:8874293342574499010",
          "type": 11,
          "flags": 524,
          "relationTarget": "SweetDb"
        },
        {
          "id": "4:3559396880575774794",
          "name": "date",
          "type": 6,
          "flags": 4
        },
        {
          "id": "5:7400809014350005681",
          "name": "g",
          "type": 6,
          "flags": 4
        }
      ],
      "relations": []
    },
    {
      "id": "5:1839260137703070086",
      "lastPropertyId": "10:3334290800366325640",
      "name": "SweetDb",
      "properties": [
        {
          "id": "1:7485985787057538040",
          "name": "id",
          "type": 6,
          "flags": 129
        },
        {
          "id": "2:6953072180682464676",
          "name": "name",
          "type": 9
        },
        {
          "id": "5:5662202998099344141",
          "name": "fatG",
          "type": 8,
          "flags": 4
        },
        {
          "id": "6:4786410285093916373",
          "name": "carbsG",
          "type": 8,
          "flags": 4
        },
        {
          "id": "7:6264130894987184665",
          "name": "proteinG",
          "type": 8,
          "flags": 4
        },
        {
          "id": "9:2315202229660221517",
          "name": "sugarG",
          "type": 8,
          "flags": 4
        },
        {
          "id": "10:3334290800366325640",
          "name": "calsPer100",
          "type": 6,
          "flags": 4
        }
      ],
      "relations": []
    },
    {
      "id": "6:376190631398563681",
      "lastPropertyId": "3:4406155032466880772",
      "name": "FactDb",
      "properties": [
        {
          "id": "1:5167597839227896950",
          "name": "id",
          "type": 6,
          "flags": 129
        },
        {
          "id": "2:2539205605187749590",
          "name": "text",
          "type": 9
        }
      ],
      "relations": []
    }
  ],
  "lastEntityId": "6:376190631398563681",
  "lastIndexId": "2:8874293342574499010",
  "lastRelationId": "0:0",
  "lastSequenceId": "0:0",
  "modelVersion": 5,
  "modelVersionParserMinimum": 5,
  "retiredEntityUids": [
    4197684925020745054,
    6613061620204035198,
    3863291584517153950
  ],
  "retiredIndexUids": [
    6109637201584965898
  ],
  "retiredPropertyUids": [
    3895531729866145374,
    3842640498490089219,
    5421659518181868255,
    3826339768707656050,
    6745001275069338293,
    6581596689850349090,
    5452774493264510594,
    2739462855574941390,
    7158620219540222278,
    903374062891589096,
    6576606833104549336,
    8557640157383155615,
    2949616972014845653,
    8990321861050548773,
    1090785338886402074,
    5684524536735002440,
    4406155032466880772,
    1406330814051678848,
    8748466117519598281,
    6385321008731857528
  ],
  "retiredRelationUids": [],
  "version": 1
}